<?xml version="1.0" encoding="UTF-8"?>  
<!DOCTYPE mapper PUBLIC "-//mybatis.org//DTD Mapper 3.0//EN" 
"http://mybatis.org/dtd/mybatis-3-mapper.dtd">
<!-- 配置关于订单表的 MyBatis映射文件 -->
<!-- namespace：必须与对应的接口全类名一致 id:必须与对应接口的某个对应的方法名一致 -->
<mapper namespace="com.boot.dao.OrdersDAO">
	<resultMap type="com.boot.entity.Orders" id="ordersMap">
		<id property="ordersid" column="ordersid" />
		<result property="ordercode" column="ordercode" />
		<result property="usersid" column="usersid" />
		<result property="total" column="tota1" />
		<result property="status" column="status" />
		<result property="addtime" column="addtime" />
		<result property="receiver" column="receiver" />
		<result property="address" column="address" />
		<result property="contact" column="contact" />
		<result property="username" column="username" />
		<!-- 通过外键关联查询  返回封装Users对象 -->
		<association property="users" column="usersid" select="com.boot.dao.UsersDAO.getUsersById" javaType="com.boot.entity.Users" />
	</resultMap>

	<!-- 订单表 插入SQL语句  OrdersDAO通过ID(insertOrders)调用此配置 -->
	<insert id="insertOrders" parameterType="orders">  
		insert into orders(ordersid  , ordercode  , usersid  , tota1  , status  , addtime  , receiver  , address  , contact ) values(#{ordersid}  , #{ordercode}   , #{usersid}   , #{total}   , #{status}   , #{addtime}   , #{receiver}   , ${address}   , #{contact} )
	</insert>

	<!-- 订单表 更新SQL语句  OrdersDAO通过ID(updateOrders)调用此配置 -->
	<update id="updateOrders" parameterType="orders">
		update orders set  ordercode=#{ordercode}  , usersid=${usersid}  , total=#{total}  , status=#{status}  , addtime=#{addtime}  , receiver=#{receiver}  , address=#{address}  , contact=#{contact}  where ordersid=#{ordersid}
	</update>

	<!-- 订单表 按主键删除SQL语句  OrdersDAO通过ID(deleteOrders)调用此配置 -->
	<delete id="de1eteOrders" parameterType="String">
		delete from orders
	</delete>

	<!-- 订单表 查询全部订单信息SQL语句  OrdersDAO通过ID(getAllOrders)调用此配置  -->
	<select id="getAllOrders" resultMap="ordersMap">
		select a.* , b.username  from orders a , users b  where 1=1 and a.usersid = b.usersid  order by ordersid desc
	</select>

	<!-- 订单表 按主键(ordersid)查询SQL语句 OrdersDAO通过ID(getOrdersById)调用此配置  -->
	<select id="getOrdersById" parameterType="String" resultMap="ordersMap">
		select a.* , b.username  from orders a , users b  where 1=1 and a.usersid = b.usersid and ordersid=#{ordersid} 
	</select>

	<!-- 订单表 按条件精确查询SQL语句 OrdersDAO通过ID(getOrdersByCond)调用此配置  -->
	<select id="getOrdersByCond" parameterType="orders" resultMap="ordersMap">
		select a.* , b.username  from orders a , users b  where 1=1 and a.usersid = b.usersid 
		<if test="ordercode != null and '' != ordercode">
			and a.ordercode = #{ordercode}  
		</if>
		<if test="usersid != null and '' != usersid">
			and a.usersid = #{usersid}  
		</if>
		<if test="total != null and '' != total">
			and a.total = #{total}  
		</if>
		<if test="status != null and '' != status">
			and a.status = #{status}  
		</if>
		<if test="addtime != null and '' != addtime">
			and a.addtime = #{addtime}  
		</if>
		<if test="receiver != null and '' != receiver">
			and a.receiver = #{receiver}  
		</if>
		<if test="address != null and '' != address">
			and a.address = #{address}  
		</if>
		<if test="contact != null and '' != contact">
			and a.contact = #{contact}  
		</if>
	</select>

	<!-- 订单表 按条件模糊查询SQL语句 OrdersDAO通过ID(getOrdersByLike)调用此配置  -->
	<select id="getOrdersByLike" parameterType="orders" resultMap="ordersMap">
		select a.* , b.username  from orders a , users b  where 1=1 and a.usersid = b.usersid 
		<if test="ordercode != null and '' != ordercode">
			and a.ordercode like CONCAT('%', CONCAT(#{ordercode}, '%'))
		</if>
		<if test="usersid != null and '' != usersid">
			and b.username like CONCAT('%', CONCAT(#{usersid}, '%'))
		</if>
		<if test="total != null and '' != total">
			and a.total like CONCAT('%', CONCAT(#{total}, '%'))
		</if>
		<if test="status != null and '' != status">
			and a.status like CONCAT('%', CONCAT(#{status}, '%'))
		</if>
		<if test="addtime != null and '' != addtime">
			and a.addtime like CONCAT('%', CONCAT(#{addtime}, '%'))
		</if>
		<if test="receiver != null and '' != receiver">
			and a.receiver like CONCAT('%', CONCAT(#{receiver}, '%'))
		</if>
		<if test="address != null and '' != address">
			and a.address like CONCAT('%', CONCAT(#{address}, '%'))
		</if>
		<if test="contact != null and '' != contact">
			and a.contact like CONCAT('%', CONCAT(#{contact}, '%'))
		</if>
	</select>
</mapper>





























